{
    "L0": [
        { "name": "001" }
    ],
    "L1": [
        { "name": "002", "parent": "001" },
        { "name": "003", "parent": "001" }
    ],
    "L2": [
        { "name": "004", "parent": "002" },
        { "name": "005", "parent": "003" },
        { "name": "006", "parent": "003" }
    ],

    "L3": [
        { "name": "007", "parent": "004" },
        { "name": "008", "parent": "004" },
        { "name": "009", "parent": "004" },
        { "name": "010", "parent": "006" },
        { "name": "011", "parent": "006" }
    ]
}