{
    "L0": [
        { "name": "002" }
    ],
    "L1": [
        { "name": "003", "parent": "002" },
        { "name": "001", "parent": "002" },
        { "name": "010", "parent": "002" },
        { "name": "004", "parent": "002" }
    ],
    "L2": [
        { "name": "005", "parent": "003" },
        { "name": "008", "parent": "001" },
        { "name": "013", "parent": "010" }
    ],
    "L3": [
        { "name": "007", "parent": "005" },
        { "name": "006", "parent": "005" },
        { "name": "009", "parent": "008" },
        { "name": "010", "parent": "008" },
        { "name": "014", "parent": "013" },
        { "name": "015", "parent": "013" }
    ],
    "L4": [
        { "name": "011", "parent": "009" }
    ],
    "L5": [
        { "name": "012", "parent": "011" }
    ]
}